{"cameraMode":{"drawMode":0,"name":"Shaded","section":"Shading Mode"},"sceneLighting":true,"audioPlay":false,"sceneViewState":{"m_AlwaysRefresh":false,"showFog":true,"showSkybox":true,"showFlares":true,"showImageEffects":true,"showParticleSystems":true,"showVisualEffectGraphs":true,"m_FxEnabled":true},"in2DMode":false,"pivot":{"x":-0.15521025657653809,"y":-0.10382890701293946,"z":-1.3768625259399415},"rotation":{"x":-0.02058381959795952,"y":0.957004964351654,"z":-0.28070083260536196,"w":-0.07017714530229569},"size":7.696786403656006,"orthographic":false}